quantile	n	mean_width	total_width	mean_absolute_change	mean_log2_fold_change	mean_relative_change
1	4800	294	1410500	0.456820218327724	5.17197379295322	0.971138512430718
2	4799	360	1730000	0.445393186248719	4.2173131175191	0.945654771053093
3	4800	351	1685666	0.433763686350139	3.59559872577546	0.916794606203401
4	4799	330	1584900	0.432308681363788	3.07135487509022	0.880391366716375
5	4800	298	1428800	0.420544467698184	2.51653264827563	0.823878055729531
6	4799	215	1031700	0.375800143978937	1.60633113697059	0.65543792579387
