quantile	n	mean_width	total_width	mean_absolute_change	mean_log2_fold_change	mean_relative_change
1	4800	426	2042500	0.608151130383127	3.85430814010466	0.908720514293296
2	4799	477	2289500	0.509043928340715	3.47775303448653	0.883545018770309
3	4800	405	1943166	0.453630061241224	3.38384556942012	0.87406354490035
4	4799	271	1298800	0.399739113845699	3.31035369185353	0.863230706837576
5	4800	159	764700	0.337768989221227	3.18000997444259	0.844058500150874
6	4799	111	532900	0.25627873588685	2.97301432834453	0.819694658458022
